name,artist
Standing Next to You,Jung Kook
Sick,Zeo
Kruddy,Mr Manage
IC3 (feat. Skepta) - Single Version,Ghetts
Quest For Coin II,Ezra Collective
Talking Alot,Mystic
Black,dutchavelli
Tek Time,Joe Fire
Matrix Nokia,Silencer
One Man Soldier,Jaykae
Bossman Riddim,Grizzly
Fire and Brimstone,Ghetts
Don,D Double E
Fire and Brimstones,Solsa
Teachers Pets,Meridian Dan
Shade,Jook
Coming First,Jay0117
Wildside (feat. A$AP Rocky),T.I.
Ball - feat. Lil Wayne,T.I.
Go Get It,T.I.
Wonderful Life (feat. Akon),T.I.
We Still in this Bitch (feat. T.I. and Juicy J),B.o.B
Ray Bands,B.o.B
So Hard to Breathe,B.o.B
Strange Clouds (feat. Lil Wayne),B.o.B
So Good,B.o.B
Reagan,Killer Mike
This Year,P Money
Class of Deja,Mirari
"Gravity - Live at the Nokia Theatre, Los Angeles, CA - December 2007",John Mayer
Young Money,LZee
Sorry I'm Not Sorry,P Money
Street Fighter,Dizzee Rascal
Chroma Freestyle,Tommy Saint
Bars & Dat,P Money
This One Freestyle,Trilla Jermaine Trilloski
Close the App - Starkey Remix,Jammz
Test This,Footsie
Tekky,Chip
In My Corner,Bruza
